{
  "pairs":[
    {"x0":16.604199, "y0":-111.959796, "x1":-26.405189, "y1":51.424188}
  ]
}